model,combination,macro_f1_mean,macro_f1_std,auroc_mean,auroc_std,balanced_accuracy_mean,balanced_accuracy_std
logistic_regression,A,0.5544836843996995,0.06758764275874535,0.6228088984186545,0.09363321548695895,0.5727463593317251,0.091910013841906
logistic_regression,AV,0.585104866854236,0.06517746941719815,0.6115250603055481,0.1213431652904564,0.6046725632091486,0.09061683155059061
logistic_regression,T,0.6489678287471252,0.13810266665042717,0.7545608862682034,0.10291608642626442,0.6556374519789154,0.14544774554270573
logistic_regression,TA,0.6492342903300709,0.10048001031430834,0.7572590011614403,0.07235408953845272,0.6509916912355938,0.1059709811804127
logistic_regression,TAV,0.6388082355475048,0.11590218026817709,0.7567676226212812,0.10231424208378742,0.6467792370231394,0.12973174925281378
logistic_regression,TV,0.6161505761341954,0.09329254467442948,0.7528276601447333,0.10611070400758611,0.6160100062539087,0.09856613260944518
logistic_regression,V,0.5304004367061642,0.05137534446182367,0.5717144643973913,0.10265200853813683,0.5440587867417135,0.05661594358833853
xgboost,A,0.5114896672972479,0.028850775317329398,0.6346466541588492,0.030465901784628605,0.5312025373000984,0.019898079497857414
xgboost,AV,0.4981293473906308,0.0443719344889475,0.6407486822120969,0.0673247837323046,0.5149111051550076,0.035039542435054444
xgboost,T,0.5651082032003084,0.10426118526086121,0.714643080496739,0.06983664797474227,0.5714955775931385,0.07202904530808105
xgboost,TA,0.5797756828652303,0.10678979435007874,0.7258465112123649,0.06393929539496684,0.5793040293040292,0.08004469745847954
xgboost,TAV,0.5371262167395886,0.09539874750179966,0.7204681497364425,0.06720755494513948,0.551898507996069,0.06977638830020244
xgboost,TV,0.5531200805239835,0.10227354334007104,0.7201911909228983,0.07316945947909077,0.5624050746001965,0.08084327463218197
xgboost,V,0.5350130096574935,0.11243292496968564,0.5815688376663987,0.10805502085631659,0.5525060305548111,0.07177688790123472
