model_combination,macro_f1_estimate,macro_f1_lower_95,macro_f1_upper_95,auroc_estimate,auroc_lower_95,auroc_upper_95,balanced_accuracy_estimate,balanced_accuracy_lower_95,balanced_accuracy_upper_95
logistic_regression__T,0.6546713547646383,0.5878581522447384,0.717948717948718,0.7548209366391184,0.6857894778233954,0.8202115226458964,0.6562998405103668,0.5880333331221747,0.7219981833206716
logistic_regression__A,0.5655170095468602,0.5041843225559026,0.6263203745612859,0.6128026678265913,0.5333973864251789,0.6878356118922156,0.5729665071770335,0.5071110757985062,0.6384826170931917
logistic_regression__V,0.5328525641025641,0.47307382008874543,0.5900487367264159,0.5618384804987676,0.476915195820642,0.646924966796885,0.5442583732057417,0.4787674892262833,0.6125034633418585
logistic_regression__TA,0.653806279620853,0.5841607608081765,0.7194758317639673,0.7594606350587212,0.6913839476833563,0.821481145733647,0.6507177033492823,0.5835193458036495,0.7175663637378109
logistic_regression__TV,0.61908505540581,0.5541447367746867,0.6843876160758315,0.7533710308829926,0.6871311440497487,0.814906405238597,0.6156299840510366,0.5527924049046313,0.6840116152220843
logistic_regression__AV,0.5908820417878868,0.5259334884265845,0.6517541454058252,0.6067130636508626,0.5225057075559825,0.6895481076151391,0.6032695374800638,0.5327182486484712,0.6708373346700437
logistic_regression__TAV,0.6474358974358975,0.5758648238231878,0.7138705510907004,0.7588081774684645,0.6898112427840106,0.8236970948104317,0.645933014354067,0.576795263478383,0.7157790258098411
xgboost__T,0.5727245388933441,0.5024554148358749,0.6441260205642221,0.7166159199652021,0.6405791722486096,0.789329793182095,0.5717703349282297,0.5248976756961204,0.622990586541743
xgboost__A,0.5127162810089639,0.45349761526232113,0.5807057755789358,0.6331738437001595,0.5505654529473144,0.711926905103987,0.5314992025518341,0.49459930313588846,0.577533716024854
xgboost__V,0.5413800291849072,0.4785082174462706,0.6082936923862506,0.5811222270552414,0.5007217060727736,0.6589600414831973,0.5514354066985646,0.512292654028436,0.5959399332591768
xgboost__TA,0.5835505573347236,0.5123869843272334,0.6546102130620736,0.727200231984921,0.6535589512165846,0.7982812459230267,0.5793460925039873,0.5315824212740751,0.6323784732844666
xgboost__TV,0.5615942028985508,0.49209298799218554,0.6268975994712044,0.7237929534580252,0.6502438307772433,0.7899223445988902,0.562200956937799,0.5145990450651701,0.6115581458756579
xgboost__AV,0.49730678300714126,0.4420097309797332,0.5610217365221565,0.6379585326953748,0.5573422835654627,0.7181232675906182,0.5147527910685805,0.4750794209123223,0.5595357142857142
xgboost__TAV,0.5451583801122695,0.479009362730293,0.6119158761649134,0.7213281136726113,0.6456159434166538,0.7945009039548022,0.5518341307814992,0.5085393873616796,0.6002942518611276
