model,combination,split,n,macro_f1,auroc,balanced_accuracy
logistic_regression,T,dev,56,0.6137931034482759,0.7329545454545454,0.6174242424242424
logistic_regression,T,test,56,0.6656129258868985,0.7194570135746606,0.6825037707390649
logistic_regression,TA,dev,56,0.5992844364937389,0.6856060606060607,0.6060606060606061
logistic_regression,TA,test,56,0.6190476190476191,0.722473604826546,0.6440422322775264
logistic_regression,TAV,dev,56,0.6137931034482759,0.6912878787878788,0.6174242424242424
logistic_regression,TAV,test,56,0.6413886080215706,0.7677224736048266,0.6734539969834088
xgboost,T,dev,56,0.47987616099071206,0.6458333333333334,0.4962121212121212
xgboost,T,test,56,0.5896433805569126,0.7360482654600301,0.5920060331825038
xgboost,TA,dev,56,0.5604395604395604,0.6420454545454546,0.5568181818181819
xgboost,TA,test,56,0.5896433805569126,0.722473604826546,0.5920060331825038
xgboost,TAV,dev,56,0.5246179966044142,0.6363636363636364,0.5265151515151515
xgboost,TAV,test,56,0.5349291646311676,0.7119155354449472,0.5497737556561086
